<assembly
	xmlns="http://maven.apache.org/plugins/maven-assembly-plugin/assembly/1.1.2"
	xmlns:xsi="http://www.w3.org/2001/XMLSchema-instance"
	xsi:schemaLocation="http://maven.apache.org/plugins/maven-assembly-plugin/assembly/1.1.2 http://maven.apache.org/xsd/assembly-1.1.2.xsd">
	<id>job</id>
	<formats>
		<format>jar</format>
	</formats>
	<includeBaseDirectory>false</includeBaseDirectory>
	<dependencySets>
		<dependencySet>
			<unpack>false</unpack>
			<scope>runtime</scope>
			<outputDirectory>lib</outputDirectory>
			<excludes>
				<exclude>${groupId}:${artifactId}</exclude>
			</excludes>
		</dependencySet>
		<dependencySet>
			<unpack>true</unpack>
			<includes>
				<include>${groupId}:${artifactId}</include>
			</includes>
		</dependencySet>
	</dependencySets>
</assembly>
