<?xml version="1.0" encoding="UTF-8"?>
<configuration>
	<property>
		<name>hbase.rootdir</name>
		<value>hdfs://ubuntu:8020/hbase</value>
	</property>
	<property>
		<name>hbase.master.port</name>
		<value>60000</value>
	</property>
	<property>
		<name>hbase.cluster.distributed</name>
		<value>true</value>
	</property>
	<property>
		<name>hbase.master.info.port</name>
		<value>60010</value>
	</property>
	<property>
		<name>hbase.client.write.buffer</name>
		<value>2097152</value>
	</property>
	<property>
		<name>hbase.client.pause</name>
		<value>1000</value>
	</property>
	<property>
		<name>hbase.client.retries.number</name>
		<value>10</value>
	</property>
	<property>
		<name>hbase.client.scanner.caching</name>
		<value>1</value>
	</property>
	<property>
		<name>hbase.client.keyvalue.maxsize</name>
		<value>10485760</value>
	</property>
	<property>
		<name>hbase.master.logcleaner.ttl</name>
		<value>60000</value>
	</property>
	<property>
		<name>hbase.server.thread.wakefrequency</name>
		<value>10000</value>
	</property>
	<property>
		<name>hbase.coprocessor.abortonerror</name>
		<value>false</value>
	</property>
	<property>
		<name>hbase.coprocessor.master.classes</name>
		<value></value>
	</property>
	<property>
		<name>hbase.superuser</name>
		<value></value>
	</property>
	<property>
		<name>hbase.security.authentication</name>
		<value>simple</value>
	</property>
	<property>
		<name>hbase.security.authorization</name>
		<value>false</value>
	</property>
	<property>
		<name>zookeeper.session.timeout</name>
		<value>60000</value>
	</property>
	<property>
		<name>zookeeper.znode.parent</name>
		<value>/hbase</value>
	</property>
	<property>
		<name>zookeeper.znode.rootserver</name>
		<value>root-region-server</value>
	</property>
	<property>
		<name>hbase.zookeeper.quorum</name>
		<value>hbase</value>
	</property>
	<property>
		<name>hbase.zookeeper.property.clientPort</name>
		<value>2181</value>
	</property>
</configuration>